Datetime,Water Level (m)
2025-11-19 12:00:00,-0.6020234
2025-11-19 13:00:00,-0.5037174
2025-11-19 14:00:00,-0.07382379
2025-11-19 15:00:00,0.30520973
2025-11-19 16:00:00,0.5991045
2025-11-19 17:00:00,0.7692543
2025-11-19 18:00:00,0.79265124
2025-11-19 19:00:00,0.6209936
2025-11-19 20:00:00,0.2819187
2025-11-19 21:00:00,0.011092249
2025-11-19 22:00:00,-0.16725478
2025-11-19 23:00:00,-0.29464433
2025-11-20 00:00:00,-0.40062082
2025-11-20 01:00:00,-0.46966285
2025-11-20 02:00:00,-0.30062586
2025-11-20 03:00:00,0.17276296
2025-11-20 04:00:00,0.48073593
2025-11-20 05:00:00,0.5816141
2025-11-20 06:00:00,0.5118759
2025-11-20 07:00:00,0.28532654
2025-11-20 08:00:00,-0.0150161665
2025-11-20 09:00:00,-0.21878064
2025-11-20 10:00:00,-0.37276748
2025-11-20 11:00:00,-0.49209157
2025-11-20 12:00:00,-0.5994684
2025-11-20 13:00:00,-0.6567982
2025-11-20 14:00:00,-0.41064048
2025-11-20 15:00:00,0.110825844
2025-11-20 16:00:00,0.5009091
2025-11-20 17:00:00,0.7413013
2025-11-20 18:00:00,0.81928736
2025-11-20 19:00:00,0.7191763
2025-11-20 20:00:00,0.4153267
2025-11-20 21:00:00,0.106552355
2025-11-20 22:00:00,-0.09363382
2025-11-20 23:00:00,-0.23192184
2025-11-21 00:00:00,-0.34571138
2025-11-21 01:00:00,-0.44498378
2025-11-21 02:00:00,-0.4775434
2025-11-21 03:00:00,-0.16095762
2025-11-21 04:00:00,0.28248549
2025-11-21 05:00:00,0.51432663
2025-11-21 06:00:00,0.5565202
2025-11-21 07:00:00,0.41181517
2025-11-21 08:00:00,0.10610303
2025-11-21 09:00:00,-0.15476611
2025-11-21 10:00:00,-0.32885703
2025-11-21 11:00:00,-0.4586429
2025-11-21 12:00:00,-0.5712416
2025-11-21 13:00:00,-0.65828836
2025-11-21 14:00:00,-0.6189892
2025-11-21 15:00:00,-0.16587088
2025-11-21 16:00:00,0.28394508
2025-11-21 17:00:00,0.60739404
2025-11-21 18:00:00,0.7861207
2025-11-21 19:00:00,0.79539657
2025-11-21 20:00:00,0.59994715
2025-11-21 21:00:00,0.26033664
2025-11-21 22:00:00,0.0052274307
2025-11-21 23:00:00,-0.16411968
2025-11-22 00:00:00,-0.2831961
2025-11-22 01:00:00,-0.3914297
2025-11-22 02:00:00,-0.46872592
2025-11-22 03:00:00,-0.37529805
2025-11-22 04:00:00,0.063202806
2025-11-22 05:00:00,0.40257254
2025-11-22 06:00:00,0.5311804
2025-11-22 07:00:00,0.48324874
2025-11-22 08:00:00,0.25793928
2025-11-22 09:00:00,-0.04550967
2025-11-22 10:00:00,-0.2517259
2025-11-22 11:00:00,-0.40490052
2025-11-22 12:00:00,-0.5208191
2025-11-22 13:00:00,-0.6226623
2025-11-22 14:00:00,-0.67533916
2025-11-22 15:00:00,-0.44815454
2025-11-22 16:00:00,0.036440555
2025-11-22 17:00:00,0.41903496
2025-11-22 18:00:00,0.6801089
2025-11-22 19:00:00,0.7852921
2025-11-22 20:00:00,0.7117414
2025-11-22 21:00:00,0.43151146
2025-11-22 22:00:00,0.11573697
2025-11-22 23:00:00,-0.090438545
2025-11-23 00:00:00,-0.22969669
2025-11-23 01:00:00,-0.3383947
2025-11-23 02:00:00,-0.43442035
2025-11-23 03:00:00,-0.47001195
2025-11-23 04:00:00,-0.21385065
2025-11-23 05:00:00,0.19055071
2025-11-23 06:00:00,0.42305568
2025-11-23 07:00:00,0.4788876
2025-11-23 08:00:00,0.35697964
2025-11-23 09:00:00,0.079805076
2025-11-23 10:00:00,-0.17574012
2025-11-23 11:00:00,-0.34966242
2025-11-23 12:00:00,-0.4805411
2025-11-23 13:00:00,-0.59068054
2025-11-23 14:00:00,-0.67302376
2025-11-23 15:00:00,-0.6425976
2025-11-23 16:00:00,-0.24494508
2025-11-23 17:00:00,0.16723578
2025-11-23 18:00:00,0.48207548
2025-11-23 19:00:00,0.6674803
2025-11-23 20:00:00,0.69620264
2025-11-23 21:00:00,0.53752816
2025-11-23 22:00:00,0.2202925
2025-11-23 23:00:00,-0.037217643
2025-11-24 00:00:00,-0.20856935
2025-11-24 01:00:00,-0.32551146
2025-11-24 02:00:00,-0.4294063
2025-11-24 03:00:00,-0.50678897
2025-11-24 04:00:00,-0.46840367
2025-11-24 05:00:00,-0.12266447
2025-11-24 06:00:00,0.20619497
2025-11-24 07:00:00,0.36062273
2025-11-24 08:00:00,0.35927323
2025-11-24 09:00:00,0.19810696
2025-11-24 10:00:00,-0.07113898
2025-11-24 11:00:00,-0.28120923
2025-11-24 12:00:00,-0.43351194
2025-11-24 13:00:00,-0.54794586
2025-11-24 14:00:00,-0.6381429
2025-11-24 15:00:00,-0.679495
2025-11-24 16:00:00,-0.48718682
2025-11-24 17:00:00,-0.06277018
2025-11-24 18:00:00,0.27742642
2025-11-24 19:00:00,0.52164435
2025-11-24 20:00:00,0.6349565
2025-11-24 21:00:00,0.59768546
2025-11-24 22:00:00,0.37475878
2025-11-24 23:00:00,0.08171978
2025-11-25 00:00:00,-0.12695576
2025-11-25 01:00:00,-0.26915795
2025-11-25 02:00:00,-0.37230664
2025-11-25 03:00:00,-0.4627812
2025-11-25 04:00:00,-0.50417227
2025-11-25 05:00:00,-0.32734123
2025-11-25 06:00:00,0.030611668
2025-11-25 07:00:00,0.2660173
2025-11-25 08:00:00,0.34431544
2025-11-25 09:00:00,0.29742104
2025-11-25 10:00:00,0.13244614
2025-11-25 11:00:00,-0.10620767
2025-11-25 12:00:00,-0.2845942
